{
  "status": 1,
  "data": {
    "posts": [
      {
        "id": 1,
        "name": "item1",
        "ll": [
          -28.03424,
          -56.14096
        ]
      },
      {
        "id": 2,
        "name": "item2",
        "ll": [
          58.86263,
          -20.19845
        ]
      },
      {
        "id": 3,
        "name": "item3",
        "ll": [
          24.63645,
          -94.83895
        ]
      }
    ]
  }
}